hotel_id,SOURCE,price,base_price,checkIn,checkOut
15215188,all.accor.com,1605,,2025-01-02,2025-01-03
9702375,Official Site,813.75,693.75,2025-01-02,2025-01-03
15756839,Booking.com,1128.75,1128.75,2025-01-02,2025-01-03
24143026,MakeMyTrip,588.75,472.5,2025-01-02,2025-01-03
969150,Booking.com,633.75,633.75,2025-01-02,2025-01-03
7789088,Booking.com,930,930,2025-01-02,2025-01-03
23569851,all.accor.com,1518.75,,2025-01-02,2025-01-03
299190,Booking.com,630,630,2025-01-02,2025-01-03
15239002,Booking.com,652.5,652.5,2025-01-02,2025-01-03
1486058,MakeMyTrip,483.75,483.75,2025-01-02,2025-01-03
299191,MakeMyTrip,915,915,2025-01-02,2025-01-03
17154823,Booking.com,633.75,633.75,2025-01-02,2025-01-03
15215188,all.accor.com,1605,,2025-01-02,2025-01-03
3514706,MakeMyTrip,476.25,476.25,2025-01-02,2025-01-03
15215188,Fairmont,1605,1605,2025-01-02,2025-01-03
3349253,Booking.com,532.5,495,2025-01-02,2025-01-03
5994700,Booking.com,2580,1035,2025-01-02,2025-01-03
810042,MakeMyTrip,795,701.25,2025-01-02,2025-01-03
26451032,StRegis.com,2220,,2025-01-02,2025-01-03
3250538,Booking.com,750,750,2025-01-02,2025-01-03
10131963,Booking.com,562.5,562.5,2025-01-02,2025-01-03
2366709,Marriott,1507.5,1507.5,2025-01-02,2025-01-03
1748545,Booking.com,615,540,2025-01-02,2025-01-03
16865982,Marriott,873.75,873.75,2025-01-02,2025-01-03
301864,Marriott,573.75,573.75,2025-01-02,2025-01-03
28054092,Booking.com,592.5,566.25,2025-01-02,2025-01-03
15368089,MakeMyTrip,442.5,442.5,2025-01-02,2025-01-03
25280776,Agoda.com,671.25,,2025-01-02,2025-01-03
26059301,Agoda.com,750,750,2025-01-02,2025-01-03
23569851,all.accor.com,1518.75,,2025-01-02,2025-01-03
27131550,Booking.com,90,90,2025-01-02,2025-01-03
3879255,Expedia,266.25,266.25,2025-01-02,2025-01-03
1732120,Booking.com,656.25,502.5,2025-01-02,2025-01-03
24001761,Agoda.com,480,,2025-01-02,2025-01-03
8470987,Agoda.com,138.75,138.75,2025-01-02,2025-01-03
2149240,Marriott Hotels,915,,2025-01-02,2025-01-03
23569851,all.accor.com,2542.5,,2025-01-29,2025-02-03
15756839,Booking.com,1335,1293.75,2025-01-29,2025-02-03
24143026,Booking.com,735,637.5,2025-01-29,2025-02-03
969150,Prestigia.com,948.75,825,2025-01-29,2025-02-03
7789088,Booking.com,3116.25,3116.25,2025-01-29,2025-02-03
299190,Booking.com,682.5,682.5,2025-01-29,2025-02-03
15215188,all.accor.com,1890,,2025-01-29,2025-02-03
15239002,Booking.com,652.5,652.5,2025-01-29,2025-02-03
1486058,Prestigia.com,562.5,562.5,2025-01-29,2025-02-03
299191,Prestigia.com,1477.5,1218.75,2025-01-29,2025-02-03
17154823,Booking.com,1076.25,1076.25,2025-01-29,2025-02-03
3514706,Booking.com,341.25,341.25,2025-01-29,2025-02-03
23569851,all.accor.com,2542.5,,2025-01-29,2025-02-03
15215188,Fairmont,1890,1702.5,2025-01-29,2025-02-03
3349253,MakeMyTrip,517.5,450,2025-01-29,2025-02-03
5994700,Booking.com,1785,1335,2025-01-29,2025-02-03
810042,Booking.com,776.25,750,2025-01-29,2025-02-03
3250538,Booking.com,783.75,783.75,2025-01-29,2025-02-03
15756839,Vio.com,1282.5,,2025-01-29,2025-02-03
10131963,Booking.com,596.25,596.25,2025-01-29,2025-02-03
1748545,Booking.com,558.75,513.75,2025-01-29,2025-02-03
16865982,Marriott,2152.5,2152.5,2025-01-29,2025-02-03
301864,Marriott,918.75,918.75,2025-01-29,2025-02-03
28054092,Booking.com,750,750,2025-01-29,2025-02-03
2149240,Marriott Hotels,1365,,2025-01-29,2025-02-03
15368089,Booking.com,1050,903.75,2025-01-29,2025-02-03
25280776,Agoda.com,836.25,,2025-01-29,2025-02-03
26059301,Agoda.com,738.75,723.75,2025-01-29,2025-02-03
27131550,Booking.com,86.25,75,2025-01-29,2025-02-03
3879255,Expedia,266.25,266.25,2025-01-29,2025-02-03
301864,Sheraton.com,918.75,,2025-01-29,2025-02-03
1732120,Booking.com,656.25,558.75,2025-01-29,2025-02-03
24001761,Agoda.com,487.5,,2025-01-29,2025-02-03
8470987,Agoda.com,131.25,131.25,2025-01-29,2025-02-03
9702375,Official Site,,840,2025-01-29,2025-02-03
2366709,Booking.com,4571.25,3.75,2025-01-29,2025-02-03
26451032,StRegis.com,3933.75,,2025-01-29,2025-02-03
26366466,Booking.com,588.75,,2024-12-23,2024-12-25
15756839,Booking.com,1027.5,982.5,2024-12-23,2024-12-25
24143026,Booking.com,633.75,543.75,2024-12-23,2024-12-25
969150,Booking.com,705,637.5,2024-12-23,2024-12-25
7789088,Booking.com,1065,956.25,2024-12-23,2024-12-25
299190,Booking.com,615,581.25,2024-12-23,2024-12-25
10319364,Booking.com,675,,2024-12-23,2024-12-25
15239002,Booking.com,600,600,2024-12-23,2024-12-25
1486058,Booking.com,825,405,2024-12-23,2024-12-25
299191,Booking.com,761.25,716.25,2024-12-23,2024-12-25
17154823,Booking.com,705,705,2024-12-23,2024-12-25
3514706,Booking.com,427.5,427.5,2024-12-23,2024-12-25
3437636,Booking.com,390,,2024-12-23,2024-12-25
3349253,Booking.com,423.75,393.75,2024-12-23,2024-12-25
5994700,Booking.com,1207.5,1035,2024-12-23,2024-12-25
810042,Booking.com,502.5,442.5,2024-12-23,2024-12-25
3250538,Booking.com,603.75,603.75,2024-12-23,2024-12-25
10131963,Booking.com,551.25,551.25,2024-12-23,2024-12-25
1748545,Booking.com,450,412.5,2024-12-23,2024-12-25
16865982,Marriott,1267.5,1267.5,2024-12-23,2024-12-25
301864,Booking.com,888.75,888.75,2024-12-23,2024-12-25
28054092,Booking.com,543.75,543.75,2024-12-23,2024-12-25
15368089,Booking.com,472.5,393.75,2024-12-23,2024-12-25
12248951,Booking.com,202.5,,2024-12-23,2024-12-25
25280776,Agoda.com,671.25,,2024-12-23,2024-12-25
26059301,Agoda.com,660,660,2024-12-23,2024-12-25
27131550,Booking.com,82.5,71.25,2024-12-23,2024-12-25
3879255,Agoda.com,195,172.5,2024-12-23,2024-12-25
1732120,Booking.com,656.25,506.25,2024-12-23,2024-12-25
27175878,Booking.com,427.5,,2024-12-23,2024-12-25
24001761,Agoda.com,431.25,,2024-12-23,2024-12-25
8470987,Agoda.com,120,120,2024-12-23,2024-12-25
9702375,Official Site,,701.25,2024-12-23,2024-12-25
15215188,Fairmont,,1698.75,2024-12-23,2024-12-25
2366709,Booking.com,6330,3.75,2024-12-23,2024-12-25
14182161,Booking.com,663.75,,2024-12-23,2024-12-25
301864,Sheraton.com,1207.5,,2025-01-25,2025-01-28
15756839,Booking.com,1605,1605,2025-01-25,2025-01-28
24143026,Booking.com,780,671.25,2025-01-25,2025-01-28
969150,Booking.com,885,885,2025-01-25,2025-01-28
7789088,Booking.com,1878.75,1878.75,2025-01-25,2025-01-28
299190,Booking.com,750,750,2025-01-25,2025-01-28
26451032,StRegis.com,3761.25,,2025-01-25,2025-01-28
15239002,Booking.com,761.25,761.25,2025-01-25,2025-01-28
1486058,Booking.com,765,562.5,2025-01-25,2025-01-28
299191,Booking.com,1473.75,1443.75,2025-01-25,2025-01-28
17154823,Booking.com,1020,1001.25,2025-01-25,2025-01-28
3514706,Booking.com,360,356.25,2025-01-25,2025-01-28
16865982,LeMeridien.com,2471.25,,2025-01-25,2025-01-28
15215188,Fairmont,2118.75,1582.5,2025-01-25,2025-01-28
3349253,Booking.com,532.5,446.25,2025-01-25,2025-01-28
5994700,Booking.com,1297.5,1143.75,2025-01-25,2025-01-28
810042,Booking.com,776.25,708.75,2025-01-25,2025-01-28
3250538,Booking.com,783.75,783.75,2025-01-25,2025-01-28
301864,Sheraton.com,1207.5,,2025-01-25,2025-01-28
10131963,Booking.com,603.75,603.75,2025-01-25,2025-01-28
1748545,Booking.com,566.25,521.25,2025-01-25,2025-01-28
16865982,Booking.com,2471.25,2471.25,2025-01-25,2025-01-28
301864,Booking.com,1207.5,1207.5,2025-01-25,2025-01-28
28054092,Booking.com,783.75,783.75,2025-01-25,2025-01-28
26451032,StRegis.com,3761.25,,2025-01-25,2025-01-28
15368089,Booking.com,1181.25,1016.25,2025-01-25,2025-01-28
25280776,Agoda.com,937.5,,2025-01-25,2025-01-28
26059301,Agoda.com,502.5,502.5,2025-01-25,2025-01-28
27131550,Booking.com,82.5,71.25,2025-01-25,2025-01-28
3879255,Expedia,266.25,266.25,2025-01-25,2025-01-28
15756839,Vio.com,1605,,2025-01-25,2025-01-28
1732120,Booking.com,656.25,540,2025-01-25,2025-01-28
24001761,Agoda.com,483.75,,2025-01-25,2025-01-28
8470987,Agoda.com,131.25,131.25,2025-01-25,2025-01-28
9702375,Official Site,,963.75,2025-01-25,2025-01-28
2366709,Booking.com,5317.5,3.75,2025-01-25,2025-01-28
6164000,JW Marriott,1995,,2025-01-25,2025-01-28
301864,Sheraton.com,1091.25,,2025-01-05,2025-01-07
24143026,Booking.com,705,607.5,2025-01-05,2025-01-07
969150,Booking.com,716.25,716.25,2025-01-05,2025-01-07
299190,Booking.com,648.75,648.75,2025-01-05,2025-01-07
15239002,Booking.com,652.5,652.5,2025-01-05,2025-01-07
1486058,Booking.com,588.75,562.5,2025-01-05,2025-01-07
15215188,all.accor.com,2280,,2025-01-05,2025-01-07
299191,Booking.com,1110,1087.5,2025-01-05,2025-01-07
17154823,Booking.com,633.75,633.75,2025-01-05,2025-01-07
3514706,Booking.com,416.25,416.25,2025-01-05,2025-01-07
3349253,Booking.com,532.5,457.5,2025-01-05,2025-01-07
5994700,Booking.com,1357.5,1196.25,2025-01-05,2025-01-07
26451032,StRegis.com,2748.75,,2025-01-05,2025-01-07
810042,Booking.com,750,708.75,2025-01-05,2025-01-07
3250538,Booking.com,783.75,783.75,2025-01-05,2025-01-07
10131963,Booking.com,600,600,2025-01-05,2025-01-07
1748545,Booking.com,566.25,551.25,2025-01-05,2025-01-07
301864,Booking.com,1260,1091.25,2025-01-05,2025-01-07
6164000,JW Marriott,1882.5,,2025-01-05,2025-01-07
28054092,Booking.com,540,487.5,2025-01-05,2025-01-07
15368089,Booking.com,637.5,543.75,2025-01-05,2025-01-07
25280776,Agoda.com,821.25,,2025-01-05,2025-01-07
26059301,Agoda.com,502.5,502.5,2025-01-05,2025-01-07
27131550,Booking.com,82.5,71.25,2025-01-05,2025-01-07
301864,Sheraton.com,1091.25,,2025-01-05,2025-01-07
1732120,Booking.com,712.5,502.5,2025-01-05,2025-01-07
24001761,Agoda.com,491.25,,2025-01-05,2025-01-07
8470987,Agoda.com,165,165,2025-01-05,2025-01-07
15756839,Booking.com,1488.75,1488.75,2025-01-05,2025-01-07
7789088,Booking.com,1935,1515,2025-01-05,2025-01-07
2149240,Marriott Hotels,1481.25,,2025-01-05,2025-01-07
15215188,Fairmont,2280,1702.5,2025-01-05,2025-01-07
2366709,Booking.com,3015,3015,2025-01-05,2025-01-07
16865982,Marriott,1901.25,1901.25,2025-01-05,2025-01-07
9702375,Official Site,,663.75,2025-01-05,2025-01-07
3879255,Vio.com,,266.25,2025-01-05,2025-01-07
16865982,LeMeridien.com,1901.25,,2025-01-05,2025-01-07
301864,Sheraton.com,1061.25,,2025-01-17,2025-01-21
15756839,Booking.com,1383.75,1346.25,2025-01-17,2025-01-21
24143026,Booking.com,735,641.25,2025-01-17,2025-01-21
969150,Booking.com,866.25,866.25,2025-01-17,2025-01-21
7789088,Booking.com,1590,1590,2025-01-17,2025-01-21
299190,Booking.com,675,675,2025-01-17,2025-01-21
15239002,Booking.com,813.75,813.75,2025-01-17,2025-01-21
1486058,Booking.com,701.25,562.5,2025-01-17,2025-01-21
299191,Booking.com,1402.5,1350,2025-01-17,2025-01-21
17154823,Booking.com,1173.75,1173.75,2025-01-17,2025-01-21
3514706,Booking.com,360,360,2025-01-17,2025-01-21
3349253,Booking.com,532.5,465,2025-01-17,2025-01-21
5994700,Booking.com,2096.25,1117.5,2025-01-17,2025-01-21
810042,Booking.com,731.25,693.75,2025-01-17,2025-01-21
3250538,Booking.com,783.75,783.75,2025-01-17,2025-01-21
10131963,Booking.com,618.75,618.75,2025-01-17,2025-01-21
301864,Sheraton.com,1061.25,,2025-01-17,2025-01-21
1748545,Booking.com,566.25,551.25,2025-01-17,2025-01-21
16865982,Marriott,1991.25,1991.25,2025-01-17,2025-01-21
301864,Booking.com,1233.75,1061.25,2025-01-17,2025-01-21
28054092,Booking.com,750,750,2025-01-17,2025-01-21
15368089,Booking.com,990,918.75,2025-01-17,2025-01-21
6164000,JW Marriott,2437.5,,2025-01-17,2025-01-21
25280776,Agoda.com,798.75,,2025-01-17,2025-01-21
27131550,Booking.com,82.5,71.25,2025-01-17,2025-01-21
3879255,Expedia,266.25,266.25,2025-01-17,2025-01-21
1732120,Booking.com,712.5,558.75,2025-01-17,2025-01-21
24001761,Agoda.com,483.75,,2025-01-17,2025-01-21
2149240,Marriott Hotels,1436.25,,2025-01-17,2025-01-21
9702375,Official Site,,843.75,2025-01-17,2025-01-21
15215188,Fairmont,,2205,2025-01-17,2025-01-21
2366709,Booking.com,7413.75,3.75,2025-01-17,2025-01-21
26059301,Vio.com,,708.75,2025-01-17,2025-01-21
8470987,Vio.com,,131.25,2025-01-17,2025-01-21
16865982,LeMeridien.com,1991.25,,2025-01-17,2025-01-21
26451032,StRegis.com,2636.25,,2025-01-10,2025-01-13
9702375,Official Site,915,697.5,2025-01-10,2025-01-13
15756839,Booking.com,1230,1230,2025-01-10,2025-01-13
24143026,Booking.com,690,603.75,2025-01-10,2025-01-13
969150,Booking.com,735,735,2025-01-10,2025-01-13
7789088,Booking.com,1196.25,1196.25,2025-01-10,2025-01-13
301864,Sheraton.com,900,,2025-01-10,2025-01-13
299190,Booking.com,701.25,573.75,2025-01-10,2025-01-13
15239002,Booking.com,723.75,671.25,2025-01-10,2025-01-13
1486058,Booking.com,622.5,562.5,2025-01-10,2025-01-13
299191,Booking.com,1241.25,1241.25,2025-01-10,2025-01-13
17154823,Booking.com,821.25,821.25,2025-01-10,2025-01-13
2149240,Marriott Hotels,1440,,2025-01-10,2025-01-13
3514706,Booking.com,326.25,326.25,2025-01-10,2025-01-13
15215188,Fairmont,1845,1661.25,2025-01-10,2025-01-13
3349253,Booking.com,532.5,446.25,2025-01-10,2025-01-13
5994700,Booking.com,1976.25,1091.25,2025-01-10,2025-01-13
810042,Booking.com,720,671.25,2025-01-10,2025-01-13
23569851,all.accor.com,2148.75,,2025-01-10,2025-01-13
3250538,Booking.com,926.25,783.75,2025-01-10,2025-01-13
10131963,Booking.com,600,600,2025-01-10,2025-01-13
2366709,Booking.com,3656.25,3453.75,2025-01-10,2025-01-13
1748545,Booking.com,566.25,521.25,2025-01-10,2025-01-13
16865982,Marriott,1395,1395,2025-01-10,2025-01-13
6164000,JW Marriott,1785,,2025-01-10,2025-01-13
301864,Booking.com,821.25,821.25,2025-01-10,2025-01-13
28054092,Booking.com,551.25,551.25,2025-01-10,2025-01-13
15368089,Booking.com,641.25,588.75,2025-01-10,2025-01-13
25280776,Agoda.com,761.25,,2025-01-10,2025-01-13
26059301,Agoda.com,690,690,2025-01-10,2025-01-13
26451032,StRegis.com,2636.25,,2025-01-10,2025-01-13
27131550,Booking.com,86.25,71.25,2025-01-10,2025-01-13
3879255,Expedia,266.25,266.25,2025-01-10,2025-01-13
1732120,Booking.com,570,528.75,2025-01-10,2025-01-13
24001761,Agoda.com,491.25,,2025-01-10,2025-01-13
8470987,Agoda.com,153.75,153.75,2025-01-10,2025-01-13
16865982,LeMeridien.com,1395,,2025-01-10,2025-01-13
6164000,JW Marriott,1687.5,,2025-01-25,2025-01-27
15756839,Booking.com,1282.5,1282.5,2025-01-25,2025-01-27
24143026,Booking.com,735,633.75,2025-01-25,2025-01-27
969150,Booking.com,843.75,843.75,2025-01-25,2025-01-27
7789088,Booking.com,1545,1526.25,2025-01-25,2025-01-27
299190,Booking.com,697.5,697.5,2025-01-25,2025-01-27
26451032,StRegis.com,2748.75,,2025-01-25,2025-01-27
15239002,Booking.com,735,735,2025-01-25,2025-01-27
1486058,Booking.com,690,562.5,2025-01-25,2025-01-27
299191,Booking.com,1245,1215,2025-01-25,2025-01-27
17154823,Booking.com,971.25,971.25,2025-01-25,2025-01-27
3514706,Booking.com,341.25,337.5,2025-01-25,2025-01-27
301864,Sheraton.com,1061.25,,2025-01-25,2025-01-27
15215188,Fairmont,2171.25,1620,2025-01-25,2025-01-27
3349253,Booking.com,532.5,457.5,2025-01-25,2025-01-27
5994700,Booking.com,1267.5,1117.5,2025-01-25,2025-01-27
810042,Booking.com,750,693.75,2025-01-25,2025-01-27
3250538,Booking.com,783.75,783.75,2025-01-25,2025-01-27
26451032,StRegis.com,2748.75,,2025-01-25,2025-01-27
10131963,Booking.com,588.75,588.75,2025-01-25,2025-01-27
1748545,Booking.com,566.25,551.25,2025-01-25,2025-01-27
16865982,Marriott,1845,1845,2025-01-25,2025-01-27
301864,Booking.com,1061.25,1061.25,2025-01-25,2025-01-27
28054092,Booking.com,813.75,772.5,2025-01-25,2025-01-27
23673791,Booking.com,1736.25,,2025-01-25,2025-01-27
15368089,Booking.com,1001.25,907.5,2025-01-25,2025-01-27
25280776,Agoda.com,873.75,,2025-01-25,2025-01-27
26059301,Agoda.com,502.5,502.5,2025-01-25,2025-01-27
27131550,Booking.com,82.5,71.25,2025-01-25,2025-01-27
3879255,Expedia,266.25,266.25,2025-01-25,2025-01-27
2149240,Marriott Hotels,1601.25,,2025-01-25,2025-01-27
1732120,Booking.com,656.25,536.25,2025-01-25,2025-01-27
24001761,Agoda.com,476.25,,2025-01-25,2025-01-27
8470987,Agoda.com,131.25,131.25,2025-01-25,2025-01-27
9702375,Official Site,,798.75,2025-01-25,2025-01-27
2366709,Booking.com,3978.75,3.75,2025-01-25,2025-01-27
16865982,LeMeridien.com,1845,,2025-01-25,2025-01-27
26451032,StRegis.com,3255,,2025-01-06,2025-01-10
9702375,Official Site,836.25,648.75,2025-01-06,2025-01-10
15756839,Booking.com,1436.25,1395,2025-01-06,2025-01-10
24143026,Booking.com,678.75,585,2025-01-06,2025-01-10
969150,Booking.com,735,735,2025-01-06,2025-01-10
7789088,Booking.com,2058.75,1425,2025-01-06,2025-01-10
23569851,all.accor.com,1672.5,,2025-01-06,2025-01-10
299190,Booking.com,637.5,637.5,2025-01-06,2025-01-10
15239002,Booking.com,652.5,652.5,2025-01-06,2025-01-10
1486058,Booking.com,825,562.5,2025-01-06,2025-01-10
299191,Booking.com,1230,1155,2025-01-06,2025-01-10
17154823,Booking.com,633.75,630,2025-01-06,2025-01-10
3514706,Booking.com,397.5,397.5,2025-01-06,2025-01-10
15215188,Fairmont,2025,1511.25,2025-01-06,2025-01-10
3349253,Booking.com,532.5,446.25,2025-01-06,2025-01-10
5994700,Booking.com,2103.75,1158.75,2025-01-06,2025-01-10
810042,Booking.com,731.25,693.75,2025-01-06,2025-01-10
15215188,all.accor.com,2025,,2025-01-06,2025-01-10
3250538,Booking.com,783.75,783.75,2025-01-06,2025-01-10
10131963,Booking.com,645,607.5,2025-01-06,2025-01-10
2366709,Booking.com,3708.75,3150,2025-01-06,2025-01-10
1748545,Booking.com,566.25,521.25,2025-01-06,2025-01-10
16865982,Marriott,2171.25,2171.25,2025-01-06,2025-01-10
15756839,Vio.com,1380,,2025-01-06,2025-01-10
301864,Booking.com,1173.75,1005,2025-01-06,2025-01-10
28054092,Booking.com,438.75,438.75,2025-01-06,2025-01-10
15368089,Booking.com,562.5,543.75,2025-01-06,2025-01-10
25280776,Agoda.com,783.75,,2025-01-06,2025-01-10
26059301,Agoda.com,506.25,506.25,2025-01-06,2025-01-10
301864,Sheraton.com,1005,,2025-01-06,2025-01-10
27131550,Booking.com,82.5,71.25,2025-01-06,2025-01-10
3879255,Expedia,266.25,266.25,2025-01-06,2025-01-10
1732120,Booking.com,712.5,506.25,2025-01-06,2025-01-10
24001761,Agoda.com,495,,2025-01-06,2025-01-10
8470987,Agoda.com,165,165,2025-01-06,2025-01-10
2149240,Marriott Hotels,1353.75,,2025-01-06,2025-01-10
16865982,LeMeridien.com,2351.25,,2025-02-10,2025-02-12
9702375,Official Site,1743.75,1372.5,2025-02-10,2025-02-12
15756839,Booking.com,4200,3.75,2025-02-10,2025-02-12
969150,Booking.com,1507.5,1507.5,2025-02-10,2025-02-12
24143026,Booking.com,963.75,832.5,2025-02-10,2025-02-12
299190,Booking.com,832.5,791.25,2025-02-10,2025-02-12
15215188,all.accor.com,3798.75,,2025-02-10,2025-02-12
15239002,Booking.com,978.75,978.75,2025-02-10,2025-02-12
299191,Booking.com,2696.25,2640,2025-02-10,2025-02-12
1486058,Booking.com,1297.5,562.5,2025-02-10,2025-02-12
15215188,Fairmont,3798.75,2831.25,2025-02-10,2025-02-12
3514706,Booking.com,663.75,663.75,2025-02-10,2025-02-12
301864,Sheraton.com,8587.5,,2025-02-10,2025-02-12
11667441,Hyatt.com,3532.5,3168.75,2025-02-10,2025-02-12
3349253,MakeMyTrip,517.5,457.5,2025-02-10,2025-02-12
5994700,Booking.com,2171.25,1912.5,2025-02-10,2025-02-12
810042,Booking.com,776.25,776.25,2025-02-10,2025-02-12
14182161,Hyatt.com,2163.75,2062.5,2025-02-10,2025-02-12
23569851,all.accor.com,6232.5,,2025-02-10,2025-02-12
3250538,Booking.com,2171.25,791.25,2025-02-10,2025-02-12
10131963,Booking.com,641.25,615,2025-02-10,2025-02-12
15056872,Prestigia.com,1301.25,1301.25,2025-02-10,2025-02-12
1748545,Booking.com,543.75,528.75,2025-02-10,2025-02-12
16865982,Booking.com,2351.25,2351.25,2025-02-10,2025-02-12
6164000,JW Marriott,3135,,2025-02-10,2025-02-12
28054092,Booking.com,1031.25,975,2025-02-10,2025-02-12
15368089,Booking.com,1845,1530,2025-02-10,2025-02-12
25280776,Agoda.com,1676.25,,2025-02-10,2025-02-12
26059301,Agoda.com,502.5,502.5,2025-02-10,2025-02-12
27131550,Booking.com,82.5,71.25,2025-02-10,2025-02-12
26451032,StRegis.com,5306.25,,2025-02-10,2025-02-12
3879255,Expedia,266.25,266.25,2025-02-10,2025-02-12
1732120,Booking.com,656.25,558.75,2025-02-10,2025-02-12
24001761,Agoda.com,476.25,,2025-02-10,2025-02-12
8470987,Agoda.com,131.25,131.25,2025-02-10,2025-02-12
2366709,Booking.com,5726.25,3.75,2025-02-10,2025-02-12
2149240,Marriott Hotels,2501.25,,2025-02-10,2025-02-12
301864,Sheraton.com,1548.75,,2025-02-16,2025-02-18
24143026,Booking.com,963.75,832.5,2025-02-16,2025-02-18
969150,Booking.com,1147.5,1147.5,2025-02-16,2025-02-18
299190,Booking.com,757.5,757.5,2025-02-16,2025-02-18
15239002,Booking.com,870,870,2025-02-16,2025-02-18
1486058,Booking.com,915,562.5,2025-02-16,2025-02-18
26451032,StRegis.com,3423.75,,2025-02-16,2025-02-18
17154823,Booking.com,1605,1605,2025-02-16,2025-02-18
3514706,Booking.com,390,390,2025-02-16,2025-02-18
3349253,MakeMyTrip,517.5,457.5,2025-02-16,2025-02-18
810042,Booking.com,776.25,776.25,2025-02-16,2025-02-18
3250538,Booking.com,783.75,783.75,2025-02-16,2025-02-18
2149240,Marriott Hotels,2081.25,,2025-02-16,2025-02-18
10131963,Booking.com,641.25,615,2025-02-16,2025-02-18
1748545,Booking.com,543.75,528.75,2025-02-16,2025-02-18
301864,Booking.com,1548.75,1548.75,2025-02-16,2025-02-18
28054092,Booking.com,1031.25,975,2025-02-16,2025-02-18
25280776,Agoda.com,821.25,,2025-02-16,2025-02-18
16865982,LeMeridien.com,2958.75,,2025-02-16,2025-02-18
26059301,Agoda.com,502.5,502.5,2025-02-16,2025-02-18
27131550,Booking.com,82.5,71.25,2025-02-16,2025-02-18
3879255,Expedia,266.25,266.25,2025-02-16,2025-02-18
1732120,Booking.com,712.5,502.5,2025-02-16,2025-02-18
24001761,Agoda.com,476.25,,2025-02-16,2025-02-18
301864,Sheraton.com,1548.75,,2025-02-16,2025-02-18
8470987,Agoda.com,131.25,131.25,2025-02-16,2025-02-18
9702375,Official Site,1935,1526.25,2025-02-16,2025-02-18
15756839,Booking.com,2460,2460,2025-02-16,2025-02-18
7789088,Booking.com,2310,2310,2025-02-16,2025-02-18
299191,Booking.com,1961.25,1920,2025-02-16,2025-02-18
26451032,StRegis.com,3423.75,,2025-02-16,2025-02-18
15215188,Fairmont,2767.5,2066.25,2025-02-16,2025-02-18
5994700,Booking.com,2171.25,1912.5,2025-02-16,2025-02-18
2366709,Booking.com,4822.5,3.75,2025-02-16,2025-02-18
16865982,Booking.com,2958.75,2958.75,2025-02-16,2025-02-18
15368089,Booking.com,2051.25,1530,2025-02-16,2025-02-18
6164000,JW Marriott,2748.75,,2025-02-16,2025-02-18
301864,Sheraton.com,708.75,,2025-01-15,2025-01-18
9702375,Official Site,1136.25,866.25,2025-01-15,2025-01-18
15756839,Booking.com,1230,1230,2025-01-15,2025-01-18
24143026,Booking.com,690,592.5,2025-01-15,2025-01-18
969150,Booking.com,806.25,806.25,2025-01-15,2025-01-18
7789088,Booking.com,1650,1650,2025-01-15,2025-01-18
2149240,Marriott Hotels,1226.25,,2025-01-15,2025-01-18
299190,Booking.com,648.75,648.75,2025-01-15,2025-01-18
15239002,Booking.com,798.75,753.75,2025-01-15,2025-01-18
1486058,Booking.com,753.75,566.25,2025-01-15,2025-01-18
299191,Booking.com,1901.25,1901.25,2025-01-15,2025-01-18
17154823,Booking.com,1282.5,1282.5,2025-01-15,2025-01-18
16865982,LeMeridien.com,1968.75,,2025-01-15,2025-01-18
3514706,Booking.com,427.5,427.5,2025-01-15,2025-01-18
15215188,Fairmont,2692.5,2010,2025-01-15,2025-01-18
3349253,Booking.com,532.5,446.25,2025-01-15,2025-01-18
5994700,Booking.com,2137.5,1091.25,2025-01-15,2025-01-18
810042,Booking.com,701.25,660,2025-01-15,2025-01-18
301864,Sheraton.com,708.75,,2025-01-15,2025-01-18
3250538,Booking.com,1166.25,783.75,2025-01-15,2025-01-18
10131963,Booking.com,615,615,2025-01-15,2025-01-18
1748545,Booking.com,566.25,521.25,2025-01-15,2025-01-18
16865982,Marriott,1968.75,1968.75,2025-01-15,2025-01-18
301864,Booking.com,705,705,2025-01-15,2025-01-18
9720941,Booking.com,390,,2025-01-15,2025-01-18
28054092,Booking.com,716.25,716.25,2025-01-15,2025-01-18
15368089,Booking.com,536.25,457.5,2025-01-15,2025-01-18
25280776,Agoda.com,806.25,,2025-01-15,2025-01-18
26059301,Agoda.com,502.5,502.5,2025-01-15,2025-01-18
27131550,Booking.com,90,75,2025-01-15,2025-01-18
6164000,JW Marriott,2332.5,,2025-01-15,2025-01-18
3879255,Expedia,266.25,266.25,2025-01-15,2025-01-18
1732120,Booking.com,592.5,532.5,2025-01-15,2025-01-18
24001761,Agoda.com,487.5,,2025-01-15,2025-01-18
8470987,Agoda.com,131.25,131.25,2025-01-15,2025-01-18
2366709,Booking.com,6630,3.75,2025-01-15,2025-01-18
23999395,Booking.com,881.25,,2025-01-15,2025-01-18
301864,Sheraton.com,1518.75,,2025-02-02,2025-02-04
24143026,Booking.com,963.75,832.5,2025-02-02,2025-02-04
969150,Booking.com,982.5,982.5,2025-02-02,2025-02-04
299190,Booking.com,828.75,828.75,2025-02-02,2025-02-04
15239002,Booking.com,652.5,652.5,2025-02-02,2025-02-04
1486058,Booking.com,862.5,562.5,2025-02-02,2025-02-04
26451032,StRegis.com,7327.5,,2025-02-02,2025-02-04
299191,Booking.com,1691.25,1653.75,2025-02-02,2025-02-04
17154823,Booking.com,1443.75,1443.75,2025-02-02,2025-02-04
3514706,Booking.com,390,390,2025-02-02,2025-02-04
3349253,MakeMyTrip,517.5,457.5,2025-02-02,2025-02-04
810042,Booking.com,753.75,708.75,2025-02-02,2025-02-04
2149240,Marriott Hotels,1657.5,,2025-02-02,2025-02-04
3250538,Booking.com,783.75,783.75,2025-02-02,2025-02-04
10131963,Booking.com,611.25,611.25,2025-02-02,2025-02-04
1748545,Booking.com,543.75,528.75,2025-02-02,2025-02-04
301864,Booking.com,1518.75,1518.75,2025-02-02,2025-02-04
28054092,Booking.com,1031.25,975,2025-02-02,2025-02-04
16865982,LeMeridien.com,2865,,2025-02-02,2025-02-04
25280776,Agoda.com,1038.75,,2025-02-02,2025-02-04
26059301,Agoda.com,502.5,502.5,2025-02-02,2025-02-04
27131550,Booking.com,82.5,71.25,2025-02-02,2025-02-04
3879255,Expedia,266.25,266.25,2025-02-02,2025-02-04
1732120,Booking.com,656.25,543.75,2025-02-02,2025-02-04
23569851,all.accor.com,2280,,2025-02-02,2025-02-04
24001761,Agoda.com,476.25,,2025-02-02,2025-02-04
8470987,Agoda.com,131.25,131.25,2025-02-02,2025-02-04
15756839,Booking.com,2051.25,2051.25,2025-02-02,2025-02-04
7789088,Booking.com,2107.5,2107.5,2025-02-02,2025-02-04
15215188,Fairmont,2497.5,1860,2025-02-02,2025-02-04
26451032,StRegis.com,7327.5,,2025-02-02,2025-02-04
5994700,Booking.com,2171.25,1912.5,2025-02-02,2025-02-04
2366709,Booking.com,5426.25,3.75,2025-02-02,2025-02-04
16865982,Booking.com,2865,2865,2025-02-02,2025-02-04
15368089,Booking.com,1845,1425,2025-02-02,2025-02-04
9702375,Official Site,,1203.75,2025-02-02,2025-02-04
6164000,JW Marriott,2748.75,,2025-02-02,2025-02-04
15756839,Booking.com,1845,1845,2025-02-05,2025-02-06
24143026,Booking.com,963.75,840,2025-02-05,2025-02-06
969150,Booking.com,993.75,993.75,2025-02-05,2025-02-06
299190,Booking.com,791.25,791.25,2025-02-05,2025-02-06
15239002,Booking.com,652.5,652.5,2025-02-05,2025-02-06
26451032,StRegis.com,3375,,2025-02-05,2025-02-06
299191,Booking.com,1995,1728.75,2025-02-05,2025-02-06
3514706,Booking.com,405,405,2025-02-05,2025-02-06
5994700,Booking.com,1976.25,1905,2025-02-05,2025-02-06
810042,Booking.com,843.75,780,2025-02-05,2025-02-06
3250538,Booking.com,783.75,783.75,2025-02-05,2025-02-06
301864,Sheraton.com,1260,,2025-02-05,2025-02-06
10131963,Booking.com,641.25,596.25,2025-02-05,2025-02-06
1748545,Booking.com,592.5,517.5,2025-02-05,2025-02-06
16865982,Booking.com,3075,3075,2025-02-05,2025-02-06
301864,Marriott,1260,1260,2025-02-05,2025-02-06
28054092,Booking.com,1031.25,975,2025-02-05,2025-02-06
16865982,LeMeridien.com,3075,,2025-02-05,2025-02-06
15368089,Booking.com,1845,1676.25,2025-02-05,2025-02-06
25280776,Agoda.com,1038.75,,2025-02-05,2025-02-06
26059301,Agoda.com,720,720,2025-02-05,2025-02-06
27131550,Booking.com,82.5,82.5,2025-02-05,2025-02-06
3879255,Expedia,266.25,266.25,2025-02-05,2025-02-06
301864,Sheraton.com,1260,,2025-02-05,2025-02-06
1732120,Booking.com,656.25,588.75,2025-02-05,2025-02-06
24001761,Agoda.com,476.25,,2025-02-05,2025-02-06
8470987,Agoda.com,131.25,131.25,2025-02-05,2025-02-06
9702375,Official Site,,1256.25,2025-02-05,2025-02-06
7789088,Booking.com,3701.25,3701.25,2025-02-05,2025-02-06
1486058,MakeMyTrip,,1035,2025-02-05,2025-02-06
17154823,MakeMyTrip,,1605,2025-02-05,2025-02-06
15215188,Fairmont,,2636.25,2025-02-05,2025-02-06
3349253,MakeMyTrip,,457.5,2025-02-05,2025-02-06
2366709,Booking.com,3618.75,3618.75,2025-02-05,2025-02-06
2149240,Marriott Hotels,1657.5,,2025-02-05,2025-02-06
15756839,Booking.com,1702.5,1653.75,2025-01-25,2025-01-30
24143026,Booking.com,813.75,708.75,2025-01-25,2025-01-30
969150,Prestigia.com,1057.5,918.75,2025-01-25,2025-01-30
299190,Booking.com,757.5,757.5,2025-01-25,2025-01-30
15239002,Booking.com,750,746.25,2025-01-25,2025-01-30
15756839,Vio.com,1638.75,,2025-01-25,2025-01-30
1486058,Prestigia.com,562.5,562.5,2025-01-25,2025-01-30
299191,Prestigia.com,1991.25,1605,2025-01-25,2025-01-30
17154823,Booking.com,1076.25,1076.25,2025-01-25,2025-01-30
3514706,Booking.com,371.25,371.25,2025-01-25,2025-01-30
3349253,Booking.com,532.5,450,2025-01-25,2025-01-30
301864,Sheraton.com,1226.25,,2025-01-25,2025-01-30
5994700,Booking.com,1320,1166.25,2025-01-25,2025-01-30
810042,Booking.com,776.25,690,2025-01-25,2025-01-30
3250538,Booking.com,783.75,783.75,2025-01-25,2025-01-30
10131963,Booking.com,618.75,607.5,2025-01-25,2025-01-30
1748545,Booking.com,566.25,521.25,2025-01-25,2025-01-30
16865982,Booking.com,2955,2955,2025-01-25,2025-01-30
301864,Marriott,1226.25,1226.25,2025-01-25,2025-01-30
28054092,Booking.com,810,810,2025-01-25,2025-01-30
15368089,Booking.com,1323.75,1188.75,2025-01-25,2025-01-30
25280776,Agoda.com,982.5,,2025-01-25,2025-01-30
506759,Vio.com,813.75,,2025-01-25,2025-01-30
26059301,Agoda.com,1248.75,708.75,2025-01-25,2025-01-30
27131550,Booking.com,82.5,71.25,2025-01-25,2025-01-30
3879255,Expedia,266.25,266.25,2025-01-25,2025-01-30
1732120,Booking.com,656.25,558.75,2025-01-25,2025-01-30
24001761,Agoda.com,487.5,,2025-01-25,2025-01-30
26451032,StRegis.com,4571.25,,2025-01-25,2025-01-30
8470987,Agoda.com,131.25,131.25,2025-01-25,2025-01-30
9702375,Official Site,,1080,2025-01-25,2025-01-30
7789088,Booking.com,3251.25,3251.25,2025-01-25,2025-01-30
15215188,Fairmont,,1526.25,2025-01-25,2025-01-30
2366709,Booking.com,6967.5,3.75,2025-01-25,2025-01-30
2149240,Marriott Hotels,1601.25,,2025-01-25,2025-01-30
15756839,Booking.com,1537.5,1492.5,2025-01-18,2025-01-23
24143026,Booking.com,813.75,712.5,2025-01-18,2025-01-23
969150,Prestigia.com,1203.75,1042.5,2025-01-18,2025-01-23
7789088,Booking.com,1762.5,1762.5,2025-01-18,2025-01-23
299190,Booking.com,693.75,693.75,2025-01-18,2025-01-23
15239002,Booking.com,870,870,2025-01-18,2025-01-23
1486058,Prestigia.com,562.5,562.5,2025-01-18,2025-01-23
299191,Prestigia.com,1983.75,1582.5,2025-01-18,2025-01-23
17154823,Booking.com,1151.25,1128.75,2025-01-18,2025-01-23
3514706,Booking.com,382.5,382.5,2025-01-18,2025-01-23
301864,Sheraton.com,1293.75,,2025-01-18,2025-01-23
3349253,Booking.com,532.5,468.75,2025-01-18,2025-01-23
5994700,Booking.com,1320,1166.25,2025-01-18,2025-01-23
810042,Booking.com,750,690,2025-01-18,2025-01-23
3250538,Booking.com,783.75,783.75,2025-01-18,2025-01-23
10131963,Booking.com,618.75,607.5,2025-01-18,2025-01-23
1748545,Booking.com,566.25,551.25,2025-01-18,2025-01-23
16865982,Marriott,2486.25,2486.25,2025-01-18,2025-01-23
301864,Booking.com,1443.75,1293.75,2025-01-18,2025-01-23
28054092,Booking.com,810,810,2025-01-18,2025-01-23
15368089,Booking.com,1320,1222.5,2025-01-18,2025-01-23
6164000,JW Marriott,2430,,2025-01-18,2025-01-23
25280776,Agoda.com,847.5,,2025-01-18,2025-01-23
27131550,Booking.com,82.5,71.25,2025-01-18,2025-01-23
3879255,Expedia,266.25,266.25,2025-01-18,2025-01-23
1732120,Booking.com,712.5,558.75,2025-01-18,2025-01-23
24001761,Agoda.com,495,,2025-01-18,2025-01-23
2149240,Marriott Hotels,1605,,2025-01-18,2025-01-23
9702375,Official Site,,1072.5,2025-01-18,2025-01-23
15215188,Fairmont,,1897.5,2025-01-18,2025-01-23
2366709,Booking.com,6438.75,3.75,2025-01-18,2025-01-23
26059301,Vio.com,,506.25,2025-01-18,2025-01-23
8470987,Vio.com,,131.25,2025-01-18,2025-01-23
16865982,LeMeridien.com,2486.25,,2025-01-18,2025-01-23
26451032,StRegis.com,2411.25,,2024-12-28,2025-01-01
15756839,Booking.com,1027.5,960,2024-12-28,2025-01-01
24143026,Booking.com,611.25,525,2024-12-28,2025-01-01
969150,Booking.com,573.75,573.75,2024-12-28,2025-01-01
7789088,Booking.com,892.5,892.5,2024-12-28,2025-01-01
299190,Booking.com,611.25,611.25,2024-12-28,2025-01-01
15215188,all.accor.com,1556.25,,2024-12-28,2025-01-01
15239002,Booking.com,600,600,2024-12-28,2025-01-01
1486058,Booking.com,678.75,371.25,2024-12-28,2025-01-01
299191,Booking.com,776.25,753.75,2024-12-28,2025-01-01
17154823,Booking.com,633.75,630,2024-12-28,2025-01-01
3514706,Booking.com,420,420,2024-12-28,2025-01-01
23569851,all.accor.com,1293.75,,2024-12-28,2025-01-01
15215188,Fairmont,1556.25,1068.75,2024-12-28,2025-01-01
3349253,Booking.com,480,397.5,2024-12-28,2025-01-01
5994700,Booking.com,1548.75,1053.75,2024-12-28,2025-01-01
810042,Booking.com,555,498.75,2024-12-28,2025-01-01
3250538,Booking.com,603.75,603.75,2024-12-28,2025-01-01
15215188,all.accor.com,1556.25,,2024-12-28,2025-01-01
10131963,Booking.com,562.5,562.5,2024-12-28,2025-01-01
2366709,Marriott,1282.5,1282.5,2024-12-28,2025-01-01
1748545,Booking.com,517.5,476.25,2024-12-28,2025-01-01
16865982,Marriott,963.75,963.75,2024-12-28,2025-01-01
301864,Marriott,731.25,731.25,2024-12-28,2025-01-01
16865982,LeMeridien.com,963.75,,2024-12-28,2025-01-01
28054092,Booking.com,487.5,465,2024-12-28,2025-01-01
15368089,Booking.com,562.5,408.75,2024-12-28,2025-01-01
25280776,Agoda.com,663.75,,2024-12-28,2025-01-01
26059301,Agoda.com,660,660,2024-12-28,2025-01-01
27131550,Booking.com,82.5,71.25,2024-12-28,2025-01-01
301864,Sheraton.com,731.25,,2024-12-28,2025-01-01
3879255,Agoda.com,198.75,172.5,2024-12-28,2025-01-01
1732120,Booking.com,656.25,502.5,2024-12-28,2025-01-01
24001761,Agoda.com,465,,2024-12-28,2025-01-01
8470987,Agoda.com,120,120,2024-12-28,2025-01-01
9702375,Official Site,,678.75,2024-12-28,2025-01-01
2149240,Marriott Hotels,892.5,,2024-12-28,2025-01-01
15215188,all.accor.com,3093.75,,2025-02-09,2025-02-14
24143026,Booking.com,903.75,783.75,2025-02-09,2025-02-14
969150,Prestigia.com,1571.25,1365,2025-02-09,2025-02-14
299190,Booking.com,660,660,2025-02-09,2025-02-14
15239002,Booking.com,922.5,840,2025-02-09,2025-02-14
1486058,Prestigia.com,562.5,562.5,2025-02-09,2025-02-14
23569851,all.accor.com,5632.5,,2025-02-09,2025-02-14
3514706,Booking.com,600,600,2025-02-09,2025-02-14
3349253,MakeMyTrip,517.5,450,2025-02-09,2025-02-14
810042,Booking.com,776.25,765,2025-02-09,2025-02-14
10131963,Booking.com,641.25,618.75,2025-02-09,2025-02-14
14182161,Hyatt.com,1635,1511.25,2025-02-09,2025-02-14
1748545,Booking.com,543.75,502.5,2025-02-09,2025-02-14
301864,Marriott,1515,1515,2025-02-09,2025-02-14
28054092,Booking.com,888.75,888.75,2025-02-09,2025-02-14
15368089,Booking.com,1526.25,1398.75,2025-02-09,2025-02-14
25280776,Agoda.com,1492.5,,2025-02-09,2025-02-14
2149240,Marriott Hotels,2235,,2025-02-09,2025-02-14
26059301,Agoda.com,506.25,506.25,2025-02-09,2025-02-14
27131550,Booking.com,82.5,71.25,2025-02-09,2025-02-14
3879255,Expedia,266.25,266.25,2025-02-09,2025-02-14
1732120,Booking.com,656.25,596.25,2025-02-09,2025-02-14
24001761,Agoda.com,487.5,,2025-02-09,2025-02-14
15215188,all.accor.com,3093.75,,2025-02-09,2025-02-14
8470987,Agoda.com,131.25,131.25,2025-02-09,2025-02-14
15756839,Booking.com,3176.25,3086.25,2025-02-09,2025-02-14
7789088,Booking.com,4556.25,3.75,2025-02-09,2025-02-14
299191,Prestigia.com,2925,2407.5,2025-02-09,2025-02-14
15215188,Fairmont,3093.75,2782.5,2025-02-09,2025-02-14
23569851,all.accor.com,5632.5,,2025-02-09,2025-02-14
5994700,Booking.com,2100,1830,2025-02-09,2025-02-14
3250538,Booking.com,2171.25,1050,2025-02-09,2025-02-14
2366709,Booking.com,4387.5,3.75,2025-02-09,2025-02-14
16865982,Marriott,2253.75,2253.75,2025-02-09,2025-02-14
9702375,Official Site,,1188.75,2025-02-09,2025-02-14
26451032,StRegis.com,4766.25,,2025-02-09,2025-02-14
9720941,Booking.com,300,,2024-12-20,2024-12-21
9702375,Official Site,1087.5,806.25,2024-12-20,2024-12-21
15756839,Booking.com,1642.5,1612.5,2024-12-20,2024-12-21
24143026,Booking.com,543.75,476.25,2024-12-20,2024-12-21
7789088,Booking.com,1282.5,1282.5,2024-12-20,2024-12-21
299190,Booking.com,592.5,487.5,2024-12-20,2024-12-21
11879864,Booking.com,615,,2024-12-20,2024-12-21
15239002,Booking.com,615,615,2024-12-20,2024-12-21
1486058,Booking.com,615,611.25,2024-12-20,2024-12-21
299191,Booking.com,1128.75,1020,2024-12-20,2024-12-21
17154823,Booking.com,633.75,633.75,2024-12-20,2024-12-21
15215188,Fairmont,1687.5,1638.75,2024-12-20,2024-12-21
12363377,Booking.com,498.75,,2024-12-20,2024-12-21
3514706,Booking.com,472.5,472.5,2024-12-20,2024-12-21
3349253,Booking.com,405,356.25,2024-12-20,2024-12-21
5994700,Booking.com,1496.25,1245,2024-12-20,2024-12-21
810042,Booking.com,476.25,438.75,2024-12-20,2024-12-21
3250538,Booking.com,630,581.25,2024-12-20,2024-12-21
15215188,all.accor.com,1687.5,,2024-12-20,2024-12-21
10131963,Booking.com,540,540,2024-12-20,2024-12-21
14182161,Hyatt.com,603.75,581.25,2024-12-20,2024-12-21
2366709,Booking.com,1207.5,1207.5,2024-12-20,2024-12-21
1748545,Booking.com,465,420,2024-12-20,2024-12-21
301864,Booking.com,573.75,573.75,2024-12-20,2024-12-21
27729005,Booking.com,705,,2024-12-20,2024-12-21
16865982,Marriott,1087.5,1087.5,2024-12-20,2024-12-21
28054092,Hotels.com,577.5,566.25,2024-12-20,2024-12-21
15368089,Booking.com,431.25,386.25,2024-12-20,2024-12-21
25280776,Agoda.com,671.25,,2024-12-20,2024-12-21
26059301,Agoda.com,506.25,506.25,2024-12-20,2024-12-21
5249543,Booking.com,300,,2024-12-20,2024-12-21
27131550,Booking.com,90,82.5,2024-12-20,2024-12-21
3879255,Agoda.com,213.75,172.5,2024-12-20,2024-12-21
1732120,Booking.com,573.75,498.75,2024-12-20,2024-12-21
24001761,Agoda.com,401.25,,2024-12-20,2024-12-21
8470987,Agoda.com,123.75,123.75,2024-12-20,2024-12-21
26366466,Booking.com,652.5,,2024-12-20,2024-12-21
15215188,all.accor.com,1605,,2025-01-04,2025-01-05
9702375,Official Site,813.75,671.25,2025-01-04,2025-01-05
15756839,Booking.com,1128.75,1128.75,2025-01-04,2025-01-05
969150,MakeMyTrip,603.75,600,2025-01-04,2025-01-05
7789088,Booking.com,960,960,2025-01-04,2025-01-05
299190,Booking.com,630,630,2025-01-04,2025-01-05
301864,Sheraton.com,630,,2025-01-04,2025-01-05
15239002,Booking.com,652.5,652.5,2025-01-04,2025-01-05
15215188,Fairmont,1605,1605,2025-01-04,2025-01-05
3349253,Booking.com,532.5,457.5,2025-01-04,2025-01-05
5994700,Booking.com,2700,1035,2025-01-04,2025-01-05
810042,MakeMyTrip,727.5,701.25,2025-01-04,2025-01-05
23569851,all.accor.com,1518.75,,2025-01-04,2025-01-05
3250538,Booking.com,750,750,2025-01-04,2025-01-05
10131963,Booking.com,562.5,562.5,2025-01-04,2025-01-05
2366709,Marriott,1507.5,1507.5,2025-01-04,2025-01-05
1748545,Booking.com,615,540,2025-01-04,2025-01-05
16865982,Marriott,978.75,978.75,2025-01-04,2025-01-05
301864,Marriott,630,630,2025-01-04,2025-01-05
28054092,Booking.com,592.5,566.25,2025-01-04,2025-01-05
15368089,MakeMyTrip,465,465,2025-01-04,2025-01-05
25280776,Agoda.com,671.25,,2025-01-04,2025-01-05
26059301,Agoda.com,660,660,2025-01-04,2025-01-05
26451032,StRegis.com,2220,,2025-01-04,2025-01-05
27131550,Booking.com,82.5,71.25,2025-01-04,2025-01-05
3879255,Expedia,266.25,266.25,2025-01-04,2025-01-05
1732120,Booking.com,656.25,502.5,2025-01-04,2025-01-05
24001761,Agoda.com,476.25,,2025-01-04,2025-01-05
8470987,Agoda.com,165,165,2025-01-04,2025-01-05
15215188,all.accor.com,1605,,2025-01-04,2025-01-05
24143026,MakeMyTrip,,472.5,2025-01-04,2025-01-05
1486058,MakeMyTrip,,491.25,2025-01-04,2025-01-05
299191,MakeMyTrip,,1065,2025-01-04,2025-01-05
17154823,MakeMyTrip,,633.75,2025-01-04,2025-01-05
3514706,MakeMyTrip,,405,2025-01-04,2025-01-05
2149240,Marriott Hotels,1481.25,,2025-01-04,2025-01-05
15756839,Booking.com,2175,2111.25,2025-02-11,2025-02-16
24143026,Booking.com,776.25,671.25,2025-02-11,2025-02-16
969150,Prestigia.com,1211.25,1050,2025-02-11,2025-02-16
7789088,Booking.com,3461.25,3461.25,2025-02-11,2025-02-16
299190,Booking.com,600,600,2025-02-11,2025-02-16
15756839,Vio.com,2092.5,,2025-02-11,2025-02-16
15239002,Booking.com,813.75,813.75,2025-02-11,2025-02-16
1486058,Prestigia.com,562.5,562.5,2025-02-11,2025-02-16
299191,Prestigia.com,2268.75,1830,2025-02-11,2025-02-16
3514706,Booking.com,453.75,453.75,2025-02-11,2025-02-16
5994700,Booking.com,1953.75,1721.25,2025-02-11,2025-02-16
810042,Booking.com,776.25,776.25,2025-02-11,2025-02-16
3250538,Booking.com,2013.75,1035,2025-02-11,2025-02-16
10131963,Booking.com,596.25,596.25,2025-02-11,2025-02-16
14182161,Hyatt.com,1158.75,1072.5,2025-02-11,2025-02-16
2366709,Booking.com,3270,3168.75,2025-02-11,2025-02-16
26451032,StRegis.com,3588.75,,2025-02-11,2025-02-16
1748545,Booking.com,525,483.75,2025-02-11,2025-02-16
301864,Marriott,1140,1140,2025-02-11,2025-02-16
16865982,Marriott,1822.5,1822.5,2025-02-11,2025-02-16
28054092,Booking.com,768.75,768.75,2025-02-11,2025-02-16
15368089,Booking.com,1312.5,1192.5,2025-02-11,2025-02-16
16865982,LeMeridien.com,1822.5,,2025-02-11,2025-02-16
25280776,Agoda.com,1125,,2025-02-11,2025-02-16
26059301,Agoda.com,506.25,506.25,2025-02-11,2025-02-16
27131550,Booking.com,86.25,75,2025-02-11,2025-02-16
3879255,Expedia,266.25,266.25,2025-02-11,2025-02-16
1732120,Booking.com,712.5,558.75,2025-02-11,2025-02-16
301864,Sheraton.com,1140,,2025-02-11,2025-02-16
24001761,Agoda.com,487.5,,2025-02-11,2025-02-16
8470987,Agoda.com,131.25,131.25,2025-02-11,2025-02-16
9702375,Official Site,,926.25,2025-02-11,2025-02-16
15215188,Fairmont,,1875,2025-02-11,2025-02-16
3349253,MakeMyTrip,,450,2025-02-11,2025-02-16
2149240,Marriott Hotels,1923.75,,2025-02-11,2025-02-16
27175878,Booking.com,427.5,,2024-12-22,2024-12-26
9702375,Official Site,937.5,705,2024-12-22,2024-12-26
15756839,Booking.com,1027.5,960,2024-12-22,2024-12-26
24143026,Booking.com,633.75,543.75,2024-12-22,2024-12-26
969150,Booking.com,641.25,630,2024-12-22,2024-12-26
7789088,Booking.com,1050,945,2024-12-22,2024-12-26
14027272,Booking.com,435,,2024-12-22,2024-12-26
299190,Booking.com,645,581.25,2024-12-22,2024-12-26
15239002,Booking.com,600,600,2024-12-22,2024-12-26
1486058,Booking.com,626.25,397.5,2024-12-22,2024-12-26
299191,Booking.com,765,738.75,2024-12-22,2024-12-26
17154823,Booking.com,870,840,2024-12-22,2024-12-26
9720941,Booking.com,318.75,,2024-12-22,2024-12-26
3514706,Booking.com,427.5,427.5,2024-12-22,2024-12-26
3349253,Booking.com,423.75,397.5,2024-12-22,2024-12-26
5994700,Booking.com,1177.5,1038.75,2024-12-22,2024-12-26
810042,Booking.com,506.25,450,2024-12-22,2024-12-26
3250538,Booking.com,603.75,603.75,2024-12-22,2024-12-26
7988480,Booking.com,3495,,2024-12-22,2024-12-26
10131963,Booking.com,555,555,2024-12-22,2024-12-26
1748545,Booking.com,446.25,405,2024-12-22,2024-12-26
16865982,Marriott,1237.5,1237.5,2024-12-22,2024-12-26
301864,Booking.com,817.5,817.5,2024-12-22,2024-12-26
28054092,Booking.com,528.75,528.75,2024-12-22,2024-12-26
27143516,Booking.com,633.75,,2024-12-22,2024-12-26
15368089,Booking.com,438.75,408.75,2024-12-22,2024-12-26
25280776,Agoda.com,671.25,,2024-12-22,2024-12-26
26059301,Agoda.com,660,660,2024-12-22,2024-12-26
27131550,Agoda.com,71.25,71.25,2024-12-22,2024-12-26
3879255,Agoda.com,187.5,172.5,2024-12-22,2024-12-26
23623900,Booking.com,2280,,2024-12-22,2024-12-26
1732120,Booking.com,656.25,506.25,2024-12-22,2024-12-26
24001761,Agoda.com,442.5,,2024-12-22,2024-12-26
8470987,Agoda.com,120,120,2024-12-22,2024-12-26
15215188,Fairmont,2088.75,1470,2024-12-22,2024-12-26
2366709,Booking.com,5651.25,3.75,2024-12-22,2024-12-26
27514929,Booking.com,2066.25,,2024-12-22,2024-12-26
301864,Sheraton.com,1605,,2025-02-09,2025-02-10
969150,Booking.com,1507.5,1507.5,2025-02-09,2025-02-10
24143026,Booking.com,963.75,840,2025-02-09,2025-02-10
299190,Booking.com,855,855,2025-02-09,2025-02-10
15239002,Booking.com,978.75,753.75,2025-02-09,2025-02-10
299191,Booking.com,1717.5,1717.5,2025-02-09,2025-02-10
26451032,StRegis.com,5306.25,,2025-02-09,2025-02-10
3514706,Booking.com,701.25,701.25,2025-02-09,2025-02-10
810042,Booking.com,843.75,731.25,2025-02-09,2025-02-10
14182161,Hyatt.com,1560,1481.25,2025-02-09,2025-02-10
10131963,Booking.com,641.25,596.25,2025-02-09,2025-02-10
1748545,Booking.com,592.5,517.5,2025-02-09,2025-02-10
6164000,JW Marriott,3135,,2025-02-09,2025-02-10
301864,Marriott,1605,1605,2025-02-09,2025-02-10
28054092,Booking.com,1031.25,975,2025-02-09,2025-02-10
15368089,Booking.com,1845,1743.75,2025-02-09,2025-02-10
25280776,Agoda.com,1676.25,,2025-02-09,2025-02-10
26059301,Agoda.com,720,708.75,2025-02-09,2025-02-10
27131550,Booking.com,82.5,71.25,2025-02-09,2025-02-10
3879255,Expedia,266.25,266.25,2025-02-09,2025-02-10
1732120,Booking.com,656.25,596.25,2025-02-09,2025-02-10
24001761,Agoda.com,476.25,,2025-02-09,2025-02-10
8470987,Agoda.com,131.25,131.25,2025-02-09,2025-02-10
301864,Sheraton.com,1605,,2025-02-09,2025-02-10
15756839,Booking.com,3075,3075,2025-02-09,2025-02-10
5994700,Booking.com,1976.25,1905,2025-02-09,2025-02-10
3250538,Booking.com,2171.25,2171.25,2025-02-09,2025-02-10
2366709,Booking.com,5666.25,3.75,2025-02-09,2025-02-10
16865982,Marriott,2351.25,2351.25,2025-02-09,2025-02-10
2149240,Marriott Hotels,4631.25,,2025-02-09,2025-02-10
9702375,Official Site,,1226.25,2025-02-09,2025-02-10
1486058,MakeMyTrip,,1053.75,2025-02-09,2025-02-10
15215188,Fairmont,,3.75,2025-02-09,2025-02-10
3349253,MakeMyTrip,,457.5,2025-02-09,2025-02-10
15056872,Official Site,,1008.75,2025-02-09,2025-02-10
16865982,LeMeridien.com,2351.25,,2025-02-09,2025-02-10
301864,Sheraton.com,603.75,,2025-01-03,2025-01-05
15756839,Booking.com,1128.75,960,2025-01-03,2025-01-05
24143026,Booking.com,543.75,472.5,2025-01-03,2025-01-05
969150,Booking.com,603.75,603.75,2025-01-03,2025-01-05
7789088,Booking.com,997.5,997.5,2025-01-03,2025-01-05
299190,Booking.com,626.25,547.5,2025-01-03,2025-01-05
15239002,Booking.com,652.5,652.5,2025-01-03,2025-01-05
1486058,Booking.com,513.75,513.75,2025-01-03,2025-01-05
299191,Booking.com,1042.5,1012.5,2025-01-03,2025-01-05
17154823,Booking.com,633.75,633.75,2025-01-03,2025-01-05
3514706,Booking.com,405,405,2025-01-03,2025-01-05
26451032,StRegis.com,2220,,2025-01-03,2025-01-05
3349253,Booking.com,532.5,457.5,2025-01-03,2025-01-05
5994700,Booking.com,1177.5,1038.75,2025-01-03,2025-01-05
810042,Booking.com,708.75,708.75,2025-01-03,2025-01-05
3250538,Booking.com,750,750,2025-01-03,2025-01-05
10131963,Booking.com,562.5,562.5,2025-01-03,2025-01-05
2366709,Marriott,1507.5,1507.5,2025-01-03,2025-01-05
1748545,Booking.com,566.25,551.25,2025-01-03,2025-01-05
16865982,Marriott,930,930,2025-01-03,2025-01-05
301864,Booking.com,641.25,603.75,2025-01-03,2025-01-05
28054092,Booking.com,592.5,483.75,2025-01-03,2025-01-05
6164000,JW Marriott,1398.75,,2025-01-03,2025-01-05
25280776,Agoda.com,671.25,,2025-01-03,2025-01-05
27131550,Booking.com,86.25,75,2025-01-03,2025-01-05
1732120,Booking.com,656.25,540,2025-01-03,2025-01-05
24001761,Agoda.com,491.25,,2025-01-03,2025-01-05
9702375,Official Site,,682.5,2025-01-03,2025-01-05
2149240,Marriott Hotels,1196.25,,2025-01-03,2025-01-05
15215188,Fairmont,,1368.75,2025-01-03,2025-01-05
15368089,Booking.com,,442.5,2025-01-03,2025-01-05
26059301,Agoda.com,,708.75,2025-01-03,2025-01-05
3879255,Vio.com,,266.25,2025-01-03,2025-01-05
8470987,Vio.com,,165,2025-01-03,2025-01-05
16865982,LeMeridien.com,930,,2025-01-03,2025-01-05
301864,Sheraton.com,1275,,2025-01-20,2025-01-24
9702375,Official Site,1413.75,1113.75,2025-01-20,2025-01-24
15756839,Booking.com,1563.75,1518.75,2025-01-20,2025-01-24
24143026,Booking.com,802.5,693.75,2025-01-20,2025-01-24
969150,Booking.com,1237.5,997.5,2025-01-20,2025-01-24
7789088,Booking.com,1860,1860,2025-01-20,2025-01-24
2149240,Marriott Hotels,1432.5,,2025-01-20,2025-01-24
299190,Booking.com,678.75,678.75,2025-01-20,2025-01-24
15239002,Booking.com,870,870,2025-01-20,2025-01-24
1486058,Booking.com,772.5,562.5,2025-01-20,2025-01-24
299191,Booking.com,1653.75,1590,2025-01-20,2025-01-24
17154823,Booking.com,1098.75,1068.75,2025-01-20,2025-01-24
16865982,LeMeridien.com,2700,,2025-01-20,2025-01-24
3514706,Booking.com,390,390,2025-01-20,2025-01-24
15215188,Fairmont,2152.5,1608.75,2025-01-20,2025-01-24
3349253,Booking.com,532.5,446.25,2025-01-20,2025-01-24
5994700,Booking.com,1976.25,1158.75,2025-01-20,2025-01-24
810042,Booking.com,731.25,690,2025-01-20,2025-01-24
15215188,all.accor.com,2152.5,,2025-01-20,2025-01-24
3250538,Booking.com,783.75,783.75,2025-01-20,2025-01-24
10131963,Booking.com,607.5,607.5,2025-01-20,2025-01-24
1748545,Booking.com,566.25,521.25,2025-01-20,2025-01-24
16865982,Booking.com,2700,2591.25,2025-01-20,2025-01-24
301864,Booking.com,1417.5,1275,2025-01-20,2025-01-24
10319364,Booking.com,532.5,,2025-01-20,2025-01-24
28054092,Booking.com,798.75,798.75,2025-01-20,2025-01-24
15368089,Booking.com,1275,1098.75,2025-01-20,2025-01-24
25280776,Agoda.com,847.5,,2025-01-20,2025-01-24
26059301,Agoda.com,506.25,506.25,2025-01-20,2025-01-24
27131550,Booking.com,82.5,71.25,2025-01-20,2025-01-24
6164000,JW Marriott,2193.75,,2025-01-20,2025-01-24
3879255,Expedia,266.25,266.25,2025-01-20,2025-01-24
1732120,Booking.com,656.25,540,2025-01-20,2025-01-24
24001761,Agoda.com,495,,2025-01-20,2025-01-24
8470987,Agoda.com,131.25,131.25,2025-01-20,2025-01-24
2366709,Booking.com,4822.5,3.75,2025-01-20,2025-01-24
3250538,Booking.com,783.75,,2025-01-20,2025-01-24
23569851,all.accor.com,2538.75,,2025-02-13,2025-02-17
9702375,Official Site,1042.5,840,2025-02-13,2025-02-17
15756839,Booking.com,1357.5,1320,2025-02-13,2025-02-17
24143026,Booking.com,731.25,630,2025-02-13,2025-02-17
969150,Booking.com,858.75,858.75,2025-02-13,2025-02-17
7789088,Booking.com,2212.5,2212.5,2025-02-13,2025-02-17
15215188,all.accor.com,2036.25,,2025-02-13,2025-02-17
299190,Booking.com,630,630,2025-02-13,2025-02-17
15239002,Booking.com,746.25,746.25,2025-02-13,2025-02-17
1486058,Booking.com,690,562.5,2025-02-13,2025-02-17
299191,Booking.com,1575,1541.25,2025-02-13,2025-02-17
17154823,Booking.com,1147.5,1147.5,2025-02-13,2025-02-17
15756839,Vio.com,1308.75,,2025-02-13,2025-02-17
3514706,Booking.com,333.75,333.75,2025-02-13,2025-02-17
15215188,Fairmont,2036.25,1522.5,2025-02-13,2025-02-17
3349253,MakeMyTrip,517.5,446.25,2025-02-13,2025-02-17
5994700,Booking.com,1976.25,1650,2025-02-13,2025-02-17
810042,Booking.com,776.25,671.25,2025-02-13,2025-02-17
23569851,all.accor.com,2538.75,,2025-02-13,2025-02-17
3250538,Booking.com,1627.5,1113.75,2025-02-13,2025-02-17
10131963,Booking.com,588.75,588.75,2025-02-13,2025-02-17
2366709,Booking.com,2666.25,2561.25,2025-02-13,2025-02-17
1748545,Booking.com,521.25,480,2025-02-13,2025-02-17
16865982,Marriott,1627.5,1627.5,2025-02-13,2025-02-17
506759,Vio.com,787.5,,2025-02-13,2025-02-17
301864,Booking.com,960,960,2025-02-13,2025-02-17
28054092,Booking.com,723.75,723.75,2025-02-13,2025-02-17
15368089,Booking.com,1230,1057.5,2025-02-13,2025-02-17
25280776,Agoda.com,780,,2025-02-13,2025-02-17
26059301,Agoda.com,506.25,506.25,2025-02-13,2025-02-17
301864,Sheraton.com,960,,2025-02-13,2025-02-17
27131550,Booking.com,86.25,75,2025-02-13,2025-02-17
3879255,Expedia,266.25,266.25,2025-02-13,2025-02-17
1732120,Booking.com,712.5,540,2025-02-13,2025-02-17
24001761,Agoda.com,483.75,,2025-02-13,2025-02-17
8470987,Agoda.com,131.25,131.25,2025-02-13,2025-02-17
26451032,StRegis.com,2628.75,,2025-02-13,2025-02-17
301864,Sheraton.com,1185,,2025-01-21,2025-01-24
15756839,Booking.com,1470,1470,2025-01-21,2025-01-24
24143026,Booking.com,780,682.5,2025-01-21,2025-01-24
969150,Booking.com,1286.25,1286.25,2025-01-21,2025-01-24
7789088,Booking.com,1818.75,1818.75,2025-01-21,2025-01-24
299190,Booking.com,656.25,656.25,2025-01-21,2025-01-24
26451032,StRegis.com,4113.75,,2025-01-21,2025-01-24
15239002,Booking.com,870,870,2025-01-21,2025-01-24
1486058,Booking.com,727.5,562.5,2025-01-21,2025-01-24
299191,Booking.com,1533.75,1533.75,2025-01-21,2025-01-24
17154823,Booking.com,1080,1080,2025-01-21,2025-01-24
3514706,Booking.com,382.5,382.5,2025-01-21,2025-01-24
2149240,Marriott Hotels,1380,,2025-01-21,2025-01-24
3349253,Booking.com,532.5,465,2025-01-21,2025-01-24
5994700,Booking.com,1297.5,1143.75,2025-01-21,2025-01-24
810042,Booking.com,720,690,2025-01-21,2025-01-24
3250538,Booking.com,783.75,783.75,2025-01-21,2025-01-24
10131963,Booking.com,603.75,603.75,2025-01-21,2025-01-24
301864,Sheraton.com,1185,,2025-01-21,2025-01-24
2366709,Booking.com,3941.25,3.75,2025-01-21,2025-01-24
1748545,Booking.com,566.25,551.25,2025-01-21,2025-01-24
16865982,Booking.com,2591.25,2591.25,2025-01-21,2025-01-24
301864,Booking.com,1320,1147.5,2025-01-21,2025-01-24
28054092,Booking.com,783.75,783.75,2025-01-21,2025-01-24
26451032,StRegis.com,4113.75,,2025-01-21,2025-01-24
15368089,Booking.com,1188.75,1102.5,2025-01-21,2025-01-24
25280776,Agoda.com,858.75,,2025-01-21,2025-01-24
27131550,Booking.com,86.25,71.25,2025-01-21,2025-01-24
1732120,Booking.com,656.25,558.75,2025-01-21,2025-01-24
24001761,Agoda.com,491.25,,2025-01-21,2025-01-24
16865982,LeMeridien.com,2572.5,,2025-01-21,2025-01-24
9702375,Official Site,,1080,2025-01-21,2025-01-24
15215188,Fairmont,,1905,2025-01-21,2025-01-24
26059301,Vio.com,,502.5,2025-01-21,2025-01-24
3879255,Vio.com,,266.25,2025-01-21,2025-01-24
8470987,Vio.com,,131.25,2025-01-21,2025-01-24
6164000,JW Marriott,2025,,2025-01-21,2025-01-24
301864,Sheraton.com,2621.25,,2025-01-13,2025-01-17
15756839,Booking.com,1563.75,1518.75,2025-01-13,2025-01-17
24143026,Booking.com,802.5,701.25,2025-01-13,2025-01-17
969150,Booking.com,952.5,843.75,2025-01-13,2025-01-17
7789088,Booking.com,2047.5,2047.5,2025-01-13,2025-01-17
299190,Booking.com,873.75,798.75,2025-01-13,2025-01-17
15239002,Booking.com,870,783.75,2025-01-13,2025-01-17
1486058,Booking.com,1091.25,1091.25,2025-01-13,2025-01-17
299191,Booking.com,2842.5,2842.5,2025-01-13,2025-01-17
17154823,Booking.com,1267.5,1267.5,2025-01-13,2025-01-17
3514706,Booking.com,487.5,487.5,2025-01-13,2025-01-17
3349253,Booking.com,532.5,465,2025-01-13,2025-01-17
5994700,Booking.com,2036.25,1158.75,2025-01-13,2025-01-17
810042,Booking.com,731.25,693.75,2025-01-13,2025-01-17
3250538,Booking.com,1477.5,783.75,2025-01-13,2025-01-17
10131963,Booking.com,607.5,607.5,2025-01-13,2025-01-17
2149240,Marriott Hotels,1500,,2025-01-13,2025-01-17
1748545,Booking.com,566.25,551.25,2025-01-13,2025-01-17
301864,Marriott,2621.25,2621.25,2025-01-13,2025-01-17
28054092,Booking.com,798.75,798.75,2025-01-13,2025-01-17
15368089,Booking.com,652.5,645,2025-01-13,2025-01-17
25280776,Agoda.com,847.5,,2025-01-13,2025-01-17
28054092,Booking.com,798.75,,2025-01-13,2025-01-17
27131550,Booking.com,82.5,71.25,2025-01-13,2025-01-17
3879255,Expedia,266.25,266.25,2025-01-13,2025-01-17
1732120,Booking.com,566.25,562.5,2025-01-13,2025-01-17
24001761,Agoda.com,495,,2025-01-13,2025-01-17
9702375,Official Site,,1185,2025-01-13,2025-01-17
6164000,JW Marriott,2700,,2025-01-13,2025-01-17
15215188,Fairmont,,2133.75,2025-01-13,2025-01-17
2366709,Booking.com,5096.25,3.75,2025-01-13,2025-01-17
16865982,Booking.com,5351.25,3.75,2025-01-13,2025-01-17
26059301,Vio.com,,682.5,2025-01-13,2025-01-17
8470987,Vio.com,,131.25,2025-01-13,2025-01-17
16865982,LeMeridien.com,4263.75,,2025-01-13,2025-01-17
301864,Sheraton.com,8617.5,,2025-02-17,2025-02-18
9702375,Official Site,2212.5,1743.75,2025-02-17,2025-02-18
15756839,Booking.com,3075,3075,2025-02-17,2025-02-18
969150,Booking.com,1087.5,1087.5,2025-02-17,2025-02-18
7789088,Booking.com,2647.5,2647.5,2025-02-17,2025-02-18
15239002,Booking.com,870,870,2025-02-17,2025-02-18
26451032,StRegis.com,3663.75,,2025-02-17,2025-02-18
1486058,MakeMyTrip,941.25,941.25,2025-02-17,2025-02-18
15215188,Fairmont,2921.25,2921.25,2025-02-17,2025-02-18
5994700,Booking.com,1976.25,1905,2025-02-17,2025-02-18
810042,Booking.com,843.75,772.5,2025-02-17,2025-02-18
3250538,Booking.com,783.75,783.75,2025-02-17,2025-02-18
2149240,Marriott Hotels,2081.25,,2025-02-17,2025-02-18
10131963,Booking.com,641.25,596.25,2025-02-17,2025-02-18
1748545,Booking.com,592.5,517.5,2025-02-17,2025-02-18
28054092,Booking.com,1031.25,975,2025-02-17,2025-02-18
15368089,Booking.com,2051.25,1676.25,2025-02-17,2025-02-18
25280776,Agoda.com,806.25,,2025-02-17,2025-02-18
23569851,all.accor.com,2280,,2025-02-17,2025-02-18
26059301,Agoda.com,720,708.75,2025-02-17,2025-02-18
27131550,Booking.com,82.5,71.25,2025-02-17,2025-02-18
3879255,Expedia,266.25,266.25,2025-02-17,2025-02-18
24001761,Agoda.com,476.25,,2025-02-17,2025-02-18
8470987,Agoda.com,131.25,131.25,2025-02-17,2025-02-18
15215188,all.accor.com,2921.25,,2025-02-17,2025-02-18
24143026,MakeMyTrip,,840,2025-02-17,2025-02-18
299190,MakeMyTrip,,750,2025-02-17,2025-02-18
299191,MakeMyTrip,,2287.5,2025-02-17,2025-02-18
17154823,MakeMyTrip,,1605,2025-02-17,2025-02-18
3514706,MakeMyTrip,,423.75,2025-02-17,2025-02-18
16865982,LeMeridien.com,5182.5,,2025-02-17,2025-02-18
3349253,MakeMyTrip,,457.5,2025-02-17,2025-02-18
2366709,Booking.com,4822.5,3.75,2025-02-17,2025-02-18
16865982,Booking.com,5182.5,3.75,2025-02-17,2025-02-18
301864,Trip.com,8613.75,7.5,2025-02-17,2025-02-18
1732120,MakeMyTrip,,596.25,2025-02-17,2025-02-18
6164000,JW Marriott,2797.5,,2025-02-17,2025-02-18
301864,Sheraton.com,1312.5,,2025-01-25,2025-01-29
9702375,Official Site,1335,1050,2025-01-25,2025-01-29
15756839,Booking.com,1770,1702.5,2025-01-25,2025-01-29
24143026,Booking.com,802.5,693.75,2025-01-25,2025-01-29
969150,Booking.com,907.5,847.5,2025-01-25,2025-01-29
299190,Booking.com,757.5,757.5,2025-01-25,2025-01-29
26451032,StRegis.com,4267.5,,2025-01-25,2025-01-29
15239002,Booking.com,776.25,671.25,2025-01-25,2025-01-29
1486058,Booking.com,772.5,562.5,2025-01-25,2025-01-29
299191,Booking.com,1623.75,1590,2025-01-25,2025-01-29
17154823,Booking.com,1053.75,1053.75,2025-01-25,2025-01-29
3514706,Booking.com,371.25,371.25,2025-01-25,2025-01-29
2149240,Marriott Hotels,1601.25,,2025-01-25,2025-01-29
15215188,Fairmont,2152.5,1608.75,2025-01-25,2025-01-29
3349253,Booking.com,532.5,446.25,2025-01-25,2025-01-29
5994700,Booking.com,1976.25,1158.75,2025-01-25,2025-01-29
810042,Booking.com,750,690,2025-01-25,2025-01-29
3250538,Booking.com,783.75,783.75,2025-01-25,2025-01-29
23569851,all.accor.com,2178.75,,2025-01-25,2025-01-29
10131963,Booking.com,615,615,2025-01-25,2025-01-29
1748545,Booking.com,566.25,521.25,2025-01-25,2025-01-29
16865982,Booking.com,2895,2895,2025-01-25,2025-01-29
301864,Booking.com,1312.5,1312.5,2025-01-25,2025-01-29
28054092,Booking.com,798.75,798.75,2025-01-25,2025-01-29
15215188,all.accor.com,2152.5,,2025-01-25,2025-01-29
15368089,Booking.com,1271.25,1095,2025-01-25,2025-01-29
25280776,Agoda.com,971.25,,2025-01-25,2025-01-29
26059301,Agoda.com,750,708.75,2025-01-25,2025-01-29
27131550,Booking.com,82.5,71.25,2025-01-25,2025-01-29
3879255,Expedia,266.25,266.25,2025-01-25,2025-01-29
6164000,JW Marriott,2100,,2025-01-25,2025-01-29
1732120,Booking.com,656.25,540,2025-01-25,2025-01-29
24001761,Agoda.com,483.75,,2025-01-25,2025-01-29
8470987,Agoda.com,131.25,131.25,2025-01-25,2025-01-29
7789088,Booking.com,3258.75,3258.75,2025-01-25,2025-01-29
2366709,Booking.com,6570,3.75,2025-01-25,2025-01-29
16865982,LeMeridien.com,2895,,2025-01-25,2025-01-29
